{
  "version": 5,
  "cmakeMinimumRequired": {
    "major": 3,
    "minor": 23,
    "patch": 0
  },
  "configurePresets": [
    {
      "name": "default-base",
      "hidden": true,
      "generator": "Ninja",
      "cacheVariables": {
        "CMAKE_EXPORT_COMPILE_COMMANDS": "ON",
        "CMAKE_BUILD_TYPE": "Debug"
      }
    },
    {
      "name": "vs2022-x64",
      "inherits": "default-base",
      "displayName": "Windows MSVC (VS2022)",
      "generator": "Visual Studio 17 2022",
      "architecture": "x64",
      "binaryDir": "${sourceDir}/build/vs2022-x64",
      "cacheVariables": {
        "CMAKE_TOOLCHAIN_FILE": "C:/Program Files/Microsoft Visual Studio/2022/Community/VC/vcpkg/scripts/buildsystems/vcpkg.cmake",
        "VCPKG_MANIFEST_DIR": "${sourceDir}"
      }
    },
    {
      "name": "mingw-x64",
      "inherits": "default-base",
      "displayName": "Windows MinGW x64",
      "binaryDir": "${sourceDir}/build/mingw-x64",
      "cacheVariables": {
        "CMAKE_C_COMPILER": "x86_64-w64-mingw32-gcc",
        "CMAKE_CXX_COMPILER": "x86_64-w64-mingw32-g++"
      }
    },
    {
      "name": "linux-gcc",
      "inherits": "default-base",
      "displayName": "Linux GCC",
      "binaryDir": "${sourceDir}/build/linux-gcc",
      "cacheVariables": {
        "CMAKE_C_COMPILER": "gcc",
        "CMAKE_CXX_COMPILER": "g++"
      }
    },
    {
      "name": "linux-clang",
      "inherits": "default-base",
      "displayName": "Linux Clang",
      "binaryDir": "${sourceDir}/build/linux-clang",
      "cacheVariables": {
        "CMAKE_C_COMPILER": "clang",
        "CMAKE_CXX_COMPILER": "clang++"
      }
    },
    {
      "name": "macos-xcode",
      "inherits": "default-base",
      "displayName": "macOS (Xcode)",
      "generator": "Xcode",
      "binaryDir": "${sourceDir}/build/macos-xcode"
    }
  ],
  "buildPresets": [
    {
      "name": "build-release",
      "configurePreset": "vs2022-x64",
      "configuration": "Release"
    },
    {
      "name": "build-debug",
      "configurePreset": "vs2022-x64",
      "configuration": "Debug"
    }
  ],
  "testPresets": [
    {
      "name": "test-default",
      "configurePreset": "vs2022-x64"
    }
  ]
}
